0,5.636363636407069,5.636363636178479
0,5.636363636424079,5.636363636105962
0,5.6363636364274425,5.6363636360916205
0,5.63636363643031,5.6363636360794
0,5.636363636427868,5.636363636089807
0,5.636363636420305,5.636363636122049
0,5.636363636408219,5.6363636361735745
0,5.636363636392565,5.636363636240309
0,5.636363636374582,5.636363636316974
0,5.636363636289971,5.636363636380916
0,5.6363636362517315,5.636363636389886
0,5.6363636361824225,5.636363636406143
0,5.6363636361271725,5.636363636419103
0,5.636363636079951,5.63636363643018
0,0.44703696933817855,5.447036969338178
0,0.40041977620907515,5.400419776209075
0,0.37000587871137336,5.370005878711375
0,0.3652601344599927,5.365260134459993
0,0.3728442500736108,5.372844250073611
0,0.391704988220207,5.391704988220208
0,0.42177905530422827,5.421779055304228
0,0.4629524385437849,5.462952438543786
0,0.5151705063463741,5.515170506346374
0,0.578308975958882,5.578308975958883
0,0.6521841043446169,5.6521841043446175
0,0.7781191290304634,5.778119129030464
0,0.8211908849538404,5.8211908849538405
0,0.9084380621654261,5.908438062165427
0,1.0426828315963956,6.042682831596396
0,1.0891536195453977,6.089153619545399
0,1.1853244138950856,6.185324413895086
0,1.2845285730187799,6.28452857301878
0,1.384544594779171,6.384544594779172
0,1.4841842309334567,6.484184230933457
0,1.5832518782640324,6.583251878264034
0,1.8301225774611458,6.529185613143232
0,2.066192269965442,6.473811240827411
0,2.2761995780994027,6.424550267314506
0,2.4588577530713205,6.381704522568008
0,2.625771112422223,6.342552006177054
0,2.7821273013640093,6.305875863091945
0,2.994973276929427,6.25594902931734
0,3.059390634842798,6.240838784868525
0,3.1782232480500703,6.212964468190275
0,3.343935635357757,6.174093661290942
0,3.395378122635395,6.1620269050159395
0,3.4899879295942373,6.139834481161397
0,3.5803310334507414,6.11864288889876
0,3.704750190255347,6.089458148413729
0,3.777734986513156,6.072338257933502
0,3.811732738661321,6.064363476565414
0,3.90985583528482,6.041346947727804
0,3.968784632334695,6.027524143481536
0,3.995919173299788,6.021159251156391
0,4.048144215030163,6.008908932725809
0,4.120616243902726,5.991909321014961
0,4.14195714798898,5.986903429933
0,4.182039232859292,5.977501459407866
0,4.219142678853783,5.968798181952367
0,4.252387415468449,5.9610000338575695
0,4.295302048175241,5.950933638531285
0,4.318544658855149,5.945481668124887
0,4.337887424145132,5.940944476266742
0,4.346063838621229,5.93902655188346
0,4.359771429513157,5.935811191056958
0,4.369717175233769,5.933478238357062
0,4.376298826238393,5.931934394294249
0,4.374664451134845,5.932317766232118
0,4.367779788695821,5.933932687051149
0,4.355139915300816,5.936897595625285
0,4.346462899779919,5.938932944945002
0,4.323552883430526,5.944306899397328
0,4.272916266985293,5.956184624242507
0,4.251372793416496,5.961238031622842
0,4.199428773156193,5.973422431436987
0,4.132962720571174,5.989013233895202
0,3.9996096488191517,6.020293584059257
0,3.9441088981889476,6.033312278651525
0,3.8127703902378918,6.064120076812884
0,3.6450807762713096,6.103454677619862
0,4.283636363636363,0.22545454545454535
0,4.283636363636363,0.22545454545454535
0,4.283636363636363,0.22545454545454535
0,4.283636363636363,0.22545454545454535
0,4.283636363636363,0.22545454545454535
0,4.283636363636363,0.22545454545454535
0,4.283636363636363,0.22545454545454535
0,4.283636363636363,0.22545454545454535
0,4.283636363636363,0.22545454545454535
0,4.283636363636363,0.22545454545454535
0,4.283636363636363,0.22545454545454535
0,4.283636363636363,0.22545454545454535
0,4.283636363636363,0.22545454545454535
0,4.283636363636363,0.22545454545454535
0,4.283636363636363,0.22545454545454535
0,4.283636363636363,0.22545454545454535
0,4.283636363636363,0.22545454545454535
0,4.283636363636363,0.22545454545454535
0,4.283636363636363,0.22545454545454535
0,4.283636363636363,0.22545454545454535
0,4.283636363636363,0.22545454545454535
0,4.283636363636363,0.22545454545454535
0,4.283636363636363,0.22545454545454535
0,4.283636363636363,0.22545454545454535
0,4.287942052623779,0.22568116066440935
0,4.359200787647935,0.22943162040252293
0,4.502718444492269,0.23698518128906676
0,4.649417234025401,0.24470617021186314
0,4.878057337014295,0.2567398598428573
0,4.958492053103214,0.2609732659528009
0,5.2053255995353975,0.2739645052387052
0,5.285328305634727,0.28532830563472694
0,5.3784183047179575,0.3784183047179575
0,5.51856127286527,0.5185612728652694
0,5.611192625838551,0.6111926258385509
0,5.657184479430807,0.6571844794308073
0,5.793969323477821,0.7939693234778207
0,5.8391380456683155,0.8391380456683155
0,5.973132237499067,0.9731322374990666
0,6.017236053416213,1.0172360534162126
0,6.147761896851335,1.1477618968513343
0,6.190589854613707,1.190589854613707
0,6.318210020406838,1.3182100204068372
0,6.402851185841442,1.4028511858414416
0,6.487255189620002,1.4872551896200004
0,6.529346078403342,1.529346078403341
0,6.569691888507109,1.6574379298572517
0,6.518432165770125,1.875966221525448
0,6.4684758667193805,2.088937812215461
0,6.4003798683126325,2.37924180542318
0,6.359330876472038,2.554240139059401
0,6.340229411951709,2.6356726983302723
0,6.2868051425096185,2.863428794372871
0,6.254011432978704,3.0032335560572934
0,6.238715234553244,3.0684436651342533
0,6.209595300598126,3.1925865414692325
0,6.168344385385536,3.368445706322909
0,6.1436546227819955,3.473702062685368
0,6.120878038551097,3.570802237564464
0,6.110114017894257,3.616690957206782
0,6.0793298446737225,3.7479287483048487
0,6.0693173449441495,3.790613615573029
0,6.050949406038894,3.86891903932701
0,6.033325227542215,3.94405369502338
0,6.006769642758392,4.057264345943888
0,5.98877693894247,4.1339700832643995
0,5.980340477390912,4.169936050931567
0,5.964123446515856,4.239071814135749
0,5.948854405743447,4.30416614584971
0,5.935393400268307,4.361552537612145
0,5.92484873369754,4.4065061161506796
0,5.916247714444288,4.443173619282962
0,5.908457826168495,4.476383142985032
0,5.898112129546228,4.520488481216799
0,5.895108533009103,4.533293287506645
0,5.889604591723904,4.556757458248812
0,5.882478880020985,4.587135492350733
0,5.88052920718977,4.595447255473278
0,5.877125703331908,4.609956929814686
0,5.87437977688001,4.621663247846462
0,5.872318812408838,4.630449464802512
0,5.87078241975351,4.636999349280488
0,5.869381497386096,4.642971702531044
0,5.869348100826644,4.643114077337128
0,5.870840147938837,4.63675324491147
0,5.873259398237328,4.626439598902109
0,5.874957728917817,4.619199347053707
0,5.8824509993751315,4.58725435194621
0,5.88579491707369,4.572998702810254
0,5.900040348562231,4.512268179095944
0,5.90631460709452,4.485520024300397
0,5.922105950097493,4.4181990357087715
0,5.954560754086483,4.279839081860972
0,5.967930408557458,4.222842133853136
0,6.001207801963544,4.08097535143771
0,5.839438432157511,4.770623717452909
0,5.807283230884014,4.907706417618868
0,5.798979838308425,4.943105091230592
0,5.78765241705343,4.99139567658083
0,5.775653060090392,5.042550829949575
0,5.768524798269328,5.072939735607791
0,5.765231575807312,5.086979262945863
0,5.7556300010581944,5.127912292139468
0,5.749810882601909,5.1527201129267866
0,5.744383154470803,5.175859374959397
0,5.739328329972864,5.1974088899243
0,5.7369398031077,5.207591557086313
0,5.7322607119220645,5.227539261614546
0,5.727792774889263,5.246586782649125
0,5.72360613468251,5.264435090898964
0,5.717795200334093,5.2892080215422155
0,5.714343984826148,5.30392109818135
0,5.711133321055057,5.317608664784417
0,5.709619281106066,5.324063256145909
0,5.705227343055163,5.342786781520816
0,5.7038793004863875,5.348533699840327
0,5.700053778772178,5.36484250293775
0,5.697739512388564,5.374708585941578
0,5.6966756647877,5.379243936239996
0,5.6935983553868095,5.3923629921069525
0,5.691760096738357,5.400199778976669
0,5.690089488683932,5.407321844892904
0,5.689311795756914,5.410637272634399
0,5.687824403559182,5.416978260424734
0,5.686446591013188,5.422852092857654
0,5.6846229657763105,5.430626495183293
0,5.684100420455506,5.4328541883930335
0,5.683139311371674,5.436951548171477
0,5.68229483912887,5.440551666680273
0,5.681279767135902,5.444879078860821
0,5.681021508138146,5.445980077745989
0,5.6804495866783355,5.448418269232549
0,5.680268428459616,5.449190575322883
0,5.680241217745003,5.449306578895703
0,5.6804310827772815,5.4484971542844125
0,5.680593115345747,5.447806383860951
0,5.681090387364955,5.445686434726435
0,5.6818481553310995,5.442455950239184
0,5.683574000053135,5.435098401687351
0,5.6843249579653445,5.431896949535304
0,5.686173128551178,5.4240179065114855
0,5.690051160675545,5.407485243244443
0,5.691689398440977,5.400501176981287
0,5.698169233048265,5.37287661891864
0,5.704208578214068,5.347129936896005
0,0.7370137636207919,5.7370137636207925
0,0.7138503496112695,5.71385034961127
0,0.6700949280377929,5.670094928037793
0,0.6488062119172401,5.648806211917241
0,0.6470015408125575,5.647001540812559
0,0.6578386759533049,5.657838675953306
0,0.6812736505748213,5.681273650574821
0,0.739296466916845,5.739296466916845
0,0.7644451948159875,5.764445194815988
0,0.8239021834553146,5.823902183455314
0,0.9369488217433073,5.936948821743307
0,0.9811778121763723,5.981177812176373
0,1.0778142597544196,6.07781425975442
0,1.175867479004145,6.175867479004146
0,1.3226392951708723,6.322639295170873
0,1.3715472363497072,6.371547236349707
0,1.5180247577696229,6.5180247577696235
0,1.5670374127284927,6.567037412728492
0,1.791789080597504,6.538177421049518
0,2.0459316373054026,6.47856373490816
0,2.2919357789785426,6.420859059700881
0,2.530105013973948,6.364992202109367
0,2.759064929625193,6.31128555522821
0,3.0767405816077074,6.236769044269348
0,3.1730231297723406,6.214184249020854
0,3.3506669981474153,6.172514699648923
0,3.589292472789101,6.11654082288112
0,3.725525372070173,6.0845849576176585
0,3.84892160114269,6.055640163143859
0,3.9069517006175194,6.042028164501614
0,4.019871270169001,6.015540858063612
0,4.129335309446672,5.9898641081095905
0,4.232101909971693,5.965758362307425
0,4.376840354498453,5.931807369146827
0,4.46378183771185,5.91141368789924
0,4.504458495218196,5.90187224971874
0,4.6233546487739,5.873983028514315
0,4.660536057323446,5.865261463545903
0,4.731351391377281,5.84865045926167
0,4.832998310841116,5.8248073546960795
0,4.8644689375194465,5.817425355845606
0,4.953579914300433,5.7965227810451285
0,4.981621046536278,5.789945231508325
0,5.034582793136252,5.777522105762651
0,5.08570939892111,5.76552944514645
0,5.157349697519755,5.748724930660349
0,5.180559295032297,5.743280704083333
0,5.223153957549045,5.733289363492984
0,5.283064962224331,5.719236164865449
0,5.31960751930054,5.710664453946338
0,5.352637754302334,5.702916621044682
0,5.368302457699236,5.69924218444541
0,5.3986643934317575,5.692120248903213
0,5.441950289291943,5.681966767158232
0,5.4549466625521665,5.678918235158919
0,5.492515920065713,5.670105693273026
0,5.515059643730497,5.664817659326966
0,5.536192007569969,5.659860685093015
0,5.5463241438983975,5.6574840111394336
0,5.565760215540299,5.6529249326061475
0,5.593141299104895,5.6465022093008725
0,5.609364173523765,5.642696843696446
0,5.624314824514559,5.639189900871445
0,5.636831360180286,5.63436965588213
0,5.638379809116521,5.627768373575025
0,5.6413599213027465,5.615063684781114
0,5.644179588788775,5.603042997077518
0,5.646787922925493,5.5919232568104595
0,5.649194765432109,5.581662507176985
0,5.651411749437146,5.572211154313411
0,5.654424376552666,5.559367849241985
0,5.655330437770519,5.555505167207982
0,5.657011577206777,5.548338204348141
0,5.659328263416409,5.53846180524392
0,5.660008089656509,5.535563598641389
0,5.661278531546067,5.53014750427012
0,5.662463670540317,5.525095069610418
0,5.664021867501195,5.518452229935095
0,5.66446436855085,5.51656577809183
0,5.665289933713062,5.5130462634529245
0,5.666381661334202,5.508392056225963
0,5.666704024806057,5.507017769845946
0,5.6672644988460865,5.504628380517398
0,5.667756585435116,5.502530537690483
0,5.668177536746619,5.500735955783556
0,5.668683893519162,5.498577276911131
0,5.668932522811445,5.497517330980872
0,5.669123901268628,5.496701454400253
0,5.6692621918581025,5.496111899781965
0,5.669311629762548,5.495901138189326
0,5.669396464109931,5.495539475971539
0,5.669402525031512,5.495513637305848
0,5.669384455050104,5.4955906724897465
0,5.669297468639054,5.495961509294747
0,5.66925149292943,5.496157511004199
0,5.669060955228759,5.496969803307061
0,5.668985026025615,5.497293501488887
0,5.668807022564804,5.4980523583481276
0,5.668599125391537,5.498938656823639
0,5.668366239819099,5.49993148479035
0,5.668110847537333,5.501020262412615
0,5.667834569342995,5.50219807997795
0,5.6675337629036315,5.503480465324707
0,5.667045005929486,5.505564113477647
0,5.666880123314601,5.506267034098998
0,5.66653801896482,5.507725478958586
0,5.666175541382051,5.509270778127239
0,5.665611327075109,5.5116761128042
0,5.665425843006062,5.512466860677505
0,5.664841735022962,5.514957005237039
0,5.664644415897167,5.51579820782595
0,5.664247131145387,5.517491895451965
0,5.663625545143291,5.520141814724055
0,5.663420953609183,5.521014020737881
0,5.66279600489674,5.523678275775141
0,5.662386738252701,5.525423044099728
0,5.662184055101002,5.526287114378023
0,5.661552574078109,5.528979217686144
0,5.661347086846468,5.529855242199984
0,5.6609291768034575,5.531636858699139
0,5.6602854713752855,5.534381076577132
0,5.659870828616703,5.5361487641268825
0,5.659454109452168,5.537925303723051
0,5.6592503403849275,5.5387940034307634
0,5.658833330476778,5.540571782512877
0,5.658407863984473,5.5423856133484914
0,5.657985464943832,5.544186367153331
0,5.6575656830944006,5.545975963458796
0,5.657149998499491,5.5477480925213065
0,5.65673748992274,5.549506681716931
0,5.656329555963686,5.551245768594999
0,5.655924097566942,5.552974301760073
0,5.655321891104729,5.555541602993716
0,5.655130087866683,5.55635929048223
0,5.654747063522301,5.557992183739857
0,5.654361806487048,5.5596345953112
0,5.653981265744384,5.561256900582556
0,5.6536047742410025,5.562861943307499
0,5.653050146043003,5.565226410888441
0,5.652871331993148,5.565988723416769
0,5.652519317558297,5.567489416533766
0,5.651988437952782,5.5697526401151745
0,5.651818773278842,5.570475947409338
0,5.651310642692321,5.572642188330823
0,5.651148295883888,5.573334298408882
0,5.650655449049631,5.575435382281237
0,5.650337504673966,5.576790829356437
0,5.650182915388082,5.577449867891001
0,5.649870442029287,5.578781991157439
0,5.64955842563251,5.580112166322647
0,5.649096480825628,5.582081509973036
0,5.648952484176934,5.582695390422739
0,5.648662313293576,5.583932434714944
0,5.6482259534814,5.58579270549317
0,5.6480904421938085,5.5863704115086925
0,5.647677151809977,5.588132333671342
0,5.647543187451786,5.588703444882576
0,5.647279679867615,5.58982681932036
0,5.6468847265388895,5.591510567721767
0,5.646636299695906,5.592569650578695
0,5.646512861295508,5.593095887969865
0,5.6462696029087125,5.594132936881995
0,5.64602702024618,5.595167105074896
0,5.645789697215336,5.596178850627441
0,5.64544054687786,5.597667333645107
0,5.645327869268765,5.598147696083875
0,5.644998420819301,5.599552186842118
0,5.644892875572851,5.600002142892777
0,5.644577558990403,5.601346387270577
0,5.644475843695875,5.60178001563146
0,5.644275195681143,5.602635409799532
0,5.6440752534827965,5.603487794960902
0,5.643782272961561,5.6047368171830145
0,5.643598857435571,5.605518746530649
0,5.643507147496543,5.605909720481249
0,5.643236253003192,5.607064586479215
0,5.643148915289337,5.6074369209435435
0,5.642977464762757,5.608167841609488
0,5.642721977576675,5.6092570238238455
0,5.642639429920686,5.609608937515164
0,5.64247997999725,5.610288697715071
0,5.642320900899862,5.610966877024989
0,5.642088286302365,5.611958549782741
0,5.642014668357195,5.612272394706888
0,5.641869871696401,5.61288968573448
0,5.641653744817428,5.613811068744839
0,5.64158584987199,5.6141005156174995
0,5.641382312554145,5.614968227340939
0,5.641317044120284,5.615246476980029
0,5.641188565032314,5.615794203618221
0,5.641059550461866,5.616344213102765
0,5.640872479206511,5.61714172740191
0,0.0,0.0
0,0.0,0.0
0,0.0,0.0
0,0.0,0.0
0,0.0,0.0
0,0.0,0.0
0,0.0,0.0
0,0.0,0.0
0,0.0,0.0
0,0.0,0.0
0,0.0,0.0
0,0.0,0.0
0,0.0,0.0
0,0.0,0.0
0,0.0,0.0
0,0.0,0.0
0,0.0,0.0
0,0.0,0.0
0,0.0,0.0
0,0.0,0.0
0,0.0,0.0
0,0.0,0.0
0,0.0,0.0
0,0.0,0.0
0,0.0,0.0
0,0.0,0.0
0,0.0,0.0
0,0.0,0.0
0,0.0,0.0
0,0.0,0.0
0,0.0,0.0
0,0.0,0.0
0,0.0,0.0
0,0.0,0.0
0,0.0,0.0
0,0.0,0.0
0,0.0,0.0
0,0.0,0.0
0,0.0,0.0
0,0.0,0.0
0,0.0,0.0
0,0.0,0.0
0,0.0,0.0
0,0.0,0.0
0,0.0,0.0
0,0.0,0.0
0,0.0,0.0
0,0.0,0.0
0,0.0,0.0
0,0.0,0.0
0,0.0,0.0
0,0.0,0.0
0,0.0,0.0
0,0.0,0.0
0,0.0,0.0
0,0.0,0.0
0,0.0,0.0
0,0.0,0.0
0,0.0,0.0
0,0.0,0.0
0,0.0,0.0
0,0.0,0.0
0,0.0,0.0
0,0.0,0.0
0,0.0,0.0
0,0.0,0.0
0,0.0,0.0
0,0.0,0.0
0,0.0,0.0
0,0.0,0.0
